company_id,status,file
ABB,SUCCESS,D:\N100 FINANCIAL INTELLIGENCE PLATFORM\reports\tearsheets\ABB_tearsheet.pdf
ADANIENSOL,SUCCESS,D:\N100 FINANCIAL INTELLIGENCE PLATFORM\reports\tearsheets\ADANIENSOL_tearsheet.pdf
ADANIENT,SUCCESS,D:\N100 FINANCIAL INTELLIGENCE PLATFORM\reports\tearsheets\ADANIENT_tearsheet.pdf
ADANIGREEN,SUCCESS,D:\N100 FINANCIAL INTELLIGENCE PLATFORM\reports\tearsheets\ADANIGREEN_tearsheet.pdf
ADANIPORTS,SUCCESS,D:\N100 FINANCIAL INTELLIGENCE PLATFORM\reports\tearsheets\ADANIPORTS_tearsheet.pdf
ADANIPOWER,SUCCESS,D:\N100 FINANCIAL INTELLIGENCE PLATFORM\reports\tearsheets\ADANIPOWER_tearsheet.pdf
AMBUJACEM,SUCCESS,D:\N100 FINANCIAL INTELLIGENCE PLATFORM\reports\tearsheets\AMBUJACEM_tearsheet.pdf
APOLLOHOSP,SUCCESS,D:\N100 FINANCIAL INTELLIGENCE PLATFORM\reports\tearsheets\APOLLOHOSP_tearsheet.pdf
ASIANPAINT,SUCCESS,D:\N100 FINANCIAL INTELLIGENCE PLATFORM\reports\tearsheets\ASIANPAINT_tearsheet.pdf
ATGL,SUCCESS,D:\N100 FINANCIAL INTELLIGENCE PLATFORM\reports\tearsheets\ATGL_tearsheet.pdf
AXISBANK,SUCCESS,D:\N100 FINANCIAL INTELLIGENCE PLATFORM\reports\tearsheets\AXISBANK_tearsheet.pdf
BAJAJ-AUTO,SUCCESS,D:\N100 FINANCIAL INTELLIGENCE PLATFORM\reports\tearsheets\BAJAJ-AUTO_tearsheet.pdf
BAJAJFINSV,SUCCESS,D:\N100 FINANCIAL INTELLIGENCE PLATFORM\reports\tearsheets\BAJAJFINSV_tearsheet.pdf
BAJAJHLDNG,SUCCESS,D:\N100 FINANCIAL INTELLIGENCE PLATFORM\reports\tearsheets\BAJAJHLDNG_tearsheet.pdf
BAJFINANCE,SUCCESS,D:\N100 FINANCIAL INTELLIGENCE PLATFORM\reports\tearsheets\BAJFINANCE_tearsheet.pdf
BANKBARODA,SUCCESS,D:\N100 FINANCIAL INTELLIGENCE PLATFORM\reports\tearsheets\BANKBARODA_tearsheet.pdf
BEL,SUCCESS,D:\N100 FINANCIAL INTELLIGENCE PLATFORM\reports\tearsheets\BEL_tearsheet.pdf
BHARTIARTL,SUCCESS,D:\N100 FINANCIAL INTELLIGENCE PLATFORM\reports\tearsheets\BHARTIARTL_tearsheet.pdf
BHEL,SUCCESS,D:\N100 FINANCIAL INTELLIGENCE PLATFORM\reports\tearsheets\BHEL_tearsheet.pdf
BOSCHLTD,SUCCESS,D:\N100 FINANCIAL INTELLIGENCE PLATFORM\reports\tearsheets\BOSCHLTD_tearsheet.pdf
BPCL,SUCCESS,D:\N100 FINANCIAL INTELLIGENCE PLATFORM\reports\tearsheets\BPCL_tearsheet.pdf
BRITANNIA,SUCCESS,D:\N100 FINANCIAL INTELLIGENCE PLATFORM\reports\tearsheets\BRITANNIA_tearsheet.pdf
CANBK,SUCCESS,D:\N100 FINANCIAL INTELLIGENCE PLATFORM\reports\tearsheets\CANBK_tearsheet.pdf
CHOLAFIN,SUCCESS,D:\N100 FINANCIAL INTELLIGENCE PLATFORM\reports\tearsheets\CHOLAFIN_tearsheet.pdf
CIPLA,SUCCESS,D:\N100 FINANCIAL INTELLIGENCE PLATFORM\reports\tearsheets\CIPLA_tearsheet.pdf
COALINDIA,SUCCESS,D:\N100 FINANCIAL INTELLIGENCE PLATFORM\reports\tearsheets\COALINDIA_tearsheet.pdf
DABUR,SUCCESS,D:\N100 FINANCIAL INTELLIGENCE PLATFORM\reports\tearsheets\DABUR_tearsheet.pdf
DIVISLAB,SUCCESS,D:\N100 FINANCIAL INTELLIGENCE PLATFORM\reports\tearsheets\DIVISLAB_tearsheet.pdf
DLF,SUCCESS,D:\N100 FINANCIAL INTELLIGENCE PLATFORM\reports\tearsheets\DLF_tearsheet.pdf
DMART,SUCCESS,D:\N100 FINANCIAL INTELLIGENCE PLATFORM\reports\tearsheets\DMART_tearsheet.pdf
DRREDDY,SUCCESS,D:\N100 FINANCIAL INTELLIGENCE PLATFORM\reports\tearsheets\DRREDDY_tearsheet.pdf
EICHERMOT,SUCCESS,D:\N100 FINANCIAL INTELLIGENCE PLATFORM\reports\tearsheets\EICHERMOT_tearsheet.pdf
GAIL,SUCCESS,D:\N100 FINANCIAL INTELLIGENCE PLATFORM\reports\tearsheets\GAIL_tearsheet.pdf
GODREJCP,SUCCESS,D:\N100 FINANCIAL INTELLIGENCE PLATFORM\reports\tearsheets\GODREJCP_tearsheet.pdf
GRASIM,SUCCESS,D:\N100 FINANCIAL INTELLIGENCE PLATFORM\reports\tearsheets\GRASIM_tearsheet.pdf
HAL,SUCCESS,D:\N100 FINANCIAL INTELLIGENCE PLATFORM\reports\tearsheets\HAL_tearsheet.pdf
HAVELLS,SUCCESS,D:\N100 FINANCIAL INTELLIGENCE PLATFORM\reports\tearsheets\HAVELLS_tearsheet.pdf
HCLTECH,SUCCESS,D:\N100 FINANCIAL INTELLIGENCE PLATFORM\reports\tearsheets\HCLTECH_tearsheet.pdf
HDFCBANK,SUCCESS,D:\N100 FINANCIAL INTELLIGENCE PLATFORM\reports\tearsheets\HDFCBANK_tearsheet.pdf
HDFCLIFE,SUCCESS,D:\N100 FINANCIAL INTELLIGENCE PLATFORM\reports\tearsheets\HDFCLIFE_tearsheet.pdf
HEROMOTOCO,SUCCESS,D:\N100 FINANCIAL INTELLIGENCE PLATFORM\reports\tearsheets\HEROMOTOCO_tearsheet.pdf
HINDALCO,SUCCESS,D:\N100 FINANCIAL INTELLIGENCE PLATFORM\reports\tearsheets\HINDALCO_tearsheet.pdf
HINDUNILVR,SUCCESS,D:\N100 FINANCIAL INTELLIGENCE PLATFORM\reports\tearsheets\HINDUNILVR_tearsheet.pdf
ICICIBANK,SUCCESS,D:\N100 FINANCIAL INTELLIGENCE PLATFORM\reports\tearsheets\ICICIBANK_tearsheet.pdf
ICICIGI,SUCCESS,D:\N100 FINANCIAL INTELLIGENCE PLATFORM\reports\tearsheets\ICICIGI_tearsheet.pdf
ICICIPRULI,SUCCESS,D:\N100 FINANCIAL INTELLIGENCE PLATFORM\reports\tearsheets\ICICIPRULI_tearsheet.pdf
INDIGO,SUCCESS,D:\N100 FINANCIAL INTELLIGENCE PLATFORM\reports\tearsheets\INDIGO_tearsheet.pdf
INDUSINDBK,SUCCESS,D:\N100 FINANCIAL INTELLIGENCE PLATFORM\reports\tearsheets\INDUSINDBK_tearsheet.pdf
INFY,SUCCESS,D:\N100 FINANCIAL INTELLIGENCE PLATFORM\reports\tearsheets\INFY_tearsheet.pdf
IOC,SUCCESS,D:\N100 FINANCIAL INTELLIGENCE PLATFORM\reports\tearsheets\IOC_tearsheet.pdf
IRCTC,SUCCESS,D:\N100 FINANCIAL INTELLIGENCE PLATFORM\reports\tearsheets\IRCTC_tearsheet.pdf
IRFC,SUCCESS,D:\N100 FINANCIAL INTELLIGENCE PLATFORM\reports\tearsheets\IRFC_tearsheet.pdf
ITC,SUCCESS,D:\N100 FINANCIAL INTELLIGENCE PLATFORM\reports\tearsheets\ITC_tearsheet.pdf
JINDALSTEL,SUCCESS,D:\N100 FINANCIAL INTELLIGENCE PLATFORM\reports\tearsheets\JINDALSTEL_tearsheet.pdf
JIOFIN,SUCCESS,D:\N100 FINANCIAL INTELLIGENCE PLATFORM\reports\tearsheets\JIOFIN_tearsheet.pdf
JSWENERGY,SUCCESS,D:\N100 FINANCIAL INTELLIGENCE PLATFORM\reports\tearsheets\JSWENERGY_tearsheet.pdf
JSWSTEEL,SUCCESS,D:\N100 FINANCIAL INTELLIGENCE PLATFORM\reports\tearsheets\JSWSTEEL_tearsheet.pdf
KOTAKBANK,SUCCESS,D:\N100 FINANCIAL INTELLIGENCE PLATFORM\reports\tearsheets\KOTAKBANK_tearsheet.pdf
LICI,SUCCESS,D:\N100 FINANCIAL INTELLIGENCE PLATFORM\reports\tearsheets\LICI_tearsheet.pdf
LODHA,SUCCESS,D:\N100 FINANCIAL INTELLIGENCE PLATFORM\reports\tearsheets\LODHA_tearsheet.pdf
LT,SUCCESS,D:\N100 FINANCIAL INTELLIGENCE PLATFORM\reports\tearsheets\LT_tearsheet.pdf
LTIM,SUCCESS,D:\N100 FINANCIAL INTELLIGENCE PLATFORM\reports\tearsheets\LTIM_tearsheet.pdf
M&M,SUCCESS,D:\N100 FINANCIAL INTELLIGENCE PLATFORM\reports\tearsheets\M&M_tearsheet.pdf
MARUTI,SUCCESS,D:\N100 FINANCIAL INTELLIGENCE PLATFORM\reports\tearsheets\MARUTI_tearsheet.pdf
MOTHERSON,SUCCESS,D:\N100 FINANCIAL INTELLIGENCE PLATFORM\reports\tearsheets\MOTHERSON_tearsheet.pdf
NAUKRI,SUCCESS,D:\N100 FINANCIAL INTELLIGENCE PLATFORM\reports\tearsheets\NAUKRI_tearsheet.pdf
NESTLEIND,SUCCESS,D:\N100 FINANCIAL INTELLIGENCE PLATFORM\reports\tearsheets\NESTLEIND_tearsheet.pdf
NHPC,SUCCESS,D:\N100 FINANCIAL INTELLIGENCE PLATFORM\reports\tearsheets\NHPC_tearsheet.pdf
NTPC,SUCCESS,D:\N100 FINANCIAL INTELLIGENCE PLATFORM\reports\tearsheets\NTPC_tearsheet.pdf
ONGC,SUCCESS,D:\N100 FINANCIAL INTELLIGENCE PLATFORM\reports\tearsheets\ONGC_tearsheet.pdf
PFC,SUCCESS,D:\N100 FINANCIAL INTELLIGENCE PLATFORM\reports\tearsheets\PFC_tearsheet.pdf
PIDILITIND,SUCCESS,D:\N100 FINANCIAL INTELLIGENCE PLATFORM\reports\tearsheets\PIDILITIND_tearsheet.pdf
PNB,SUCCESS,D:\N100 FINANCIAL INTELLIGENCE PLATFORM\reports\tearsheets\PNB_tearsheet.pdf
POWERGRID,SUCCESS,D:\N100 FINANCIAL INTELLIGENCE PLATFORM\reports\tearsheets\POWERGRID_tearsheet.pdf
RECLTD,SUCCESS,D:\N100 FINANCIAL INTELLIGENCE PLATFORM\reports\tearsheets\RECLTD_tearsheet.pdf
RELIANCE,SUCCESS,D:\N100 FINANCIAL INTELLIGENCE PLATFORM\reports\tearsheets\RELIANCE_tearsheet.pdf
SBILIFE,SUCCESS,D:\N100 FINANCIAL INTELLIGENCE PLATFORM\reports\tearsheets\SBILIFE_tearsheet.pdf
SBIN,SUCCESS,D:\N100 FINANCIAL INTELLIGENCE PLATFORM\reports\tearsheets\SBIN_tearsheet.pdf
SHREECEM,SUCCESS,D:\N100 FINANCIAL INTELLIGENCE PLATFORM\reports\tearsheets\SHREECEM_tearsheet.pdf
SHRIRAMFIN,SUCCESS,D:\N100 FINANCIAL INTELLIGENCE PLATFORM\reports\tearsheets\SHRIRAMFIN_tearsheet.pdf
SIEMENS,SUCCESS,D:\N100 FINANCIAL INTELLIGENCE PLATFORM\reports\tearsheets\SIEMENS_tearsheet.pdf
SUNPHARMA,SUCCESS,D:\N100 FINANCIAL INTELLIGENCE PLATFORM\reports\tearsheets\SUNPHARMA_tearsheet.pdf
TATACONSUM,SUCCESS,D:\N100 FINANCIAL INTELLIGENCE PLATFORM\reports\tearsheets\TATACONSUM_tearsheet.pdf
TATAMOTORS,SUCCESS,D:\N100 FINANCIAL INTELLIGENCE PLATFORM\reports\tearsheets\TATAMOTORS_tearsheet.pdf
TATAPOWER,SUCCESS,D:\N100 FINANCIAL INTELLIGENCE PLATFORM\reports\tearsheets\TATAPOWER_tearsheet.pdf
TATASTEEL,SUCCESS,D:\N100 FINANCIAL INTELLIGENCE PLATFORM\reports\tearsheets\TATASTEEL_tearsheet.pdf
TCS,SUCCESS,D:\N100 FINANCIAL INTELLIGENCE PLATFORM\reports\tearsheets\TCS_tearsheet.pdf
TECHM,SUCCESS,D:\N100 FINANCIAL INTELLIGENCE PLATFORM\reports\tearsheets\TECHM_tearsheet.pdf
TITAN,SUCCESS,D:\N100 FINANCIAL INTELLIGENCE PLATFORM\reports\tearsheets\TITAN_tearsheet.pdf
TORNTPHARM,SUCCESS,D:\N100 FINANCIAL INTELLIGENCE PLATFORM\reports\tearsheets\TORNTPHARM_tearsheet.pdf
TRENT,SUCCESS,D:\N100 FINANCIAL INTELLIGENCE PLATFORM\reports\tearsheets\TRENT_tearsheet.pdf
TVSMOTOR,SUCCESS,D:\N100 FINANCIAL INTELLIGENCE PLATFORM\reports\tearsheets\TVSMOTOR_tearsheet.pdf
